1.380967559,0.294874202,0.4583750117,0.8967629741,0.3796783495,1.001776092,0.8600762097,0.9215889373,0.8428940404,0.7968218151,0.4545155988,1.078637009,0.7437273467,0.8610837754,0.7513539003,1.238181511,0.8723324857,0.816093833,0.9386295616,0.851345843
1.517633363,0.2318103577,1.080087201,0.8169377814,0.8454029939,0.9396345017,1.021905769,0.904282649,1.016508695,0.9905597548,1.200208177,1.103101512,1.409704834,1.252467878,-1.144833796,0.5543373811,-0.1082675731,0.6315779327,1.404769067,0.5676114179
0.6624372577,0.4812640331,0.6881504885,0.6776656933,1.099011978,0.653878964,1.170305404,0.1056039463,1.331266172,0.6987960994,1.006793263,0.8864553043,0.7130053727,1.108360115,0.5764890358,0.9767513356,0.8543049273,0.6820614497,0.752629641,1.014651094
-0.2184426709,0.1216745076,0.2643974205,0.8117910131,-0.01472594808,0.9797629514,0.5655240306,0.8822036621,1.130037759,0.1115122454,0.9667394188,0.9170674906,0.7611666609,0.8343445281,1.231160561,0.3191411208,0.613489571,1.000784913,0.2928742517,0.3621197565
0.8275589847,0.2433173586,0.3751283999,0.4772269594,-0.3796621158,0.2022935384,1.181063519,0.6301267187,0.6018014214,0.6680140823,1.15768723,0.6802894515,1.056411563,0.7237294711,0.8421421343,0.8261707837,1.003780112,0.7268592278,0.923719833,0.5334629747
1.120986994,0.6967574513,0.7103519656,0.9435083855,0.8852034895,0.9069176287,0.9868730699,0.8705839033,0.9605402132,0.3147382669,-0.7446634307,0.6403941332,0.7813568123,0.5371087398,-0.1589838979,0.3493520439,0.4385321845,0.5854487703,1.162951429,0.4252168435
1.55243149,1.053780245,0.901067187,0.8904102567,1.093337563,0.8045801974,1.241061183,1.027871441,1.053741846,0.8171652622,1.299037644,0.7466863787,0.470137263,0.803572421,1.394839601,0.7317429431,1.17811392,0.6390063524,0.44856738,1.721126346
1.287404866,0.4163735641,0.8221183752,1.036078957,-0.5790976423,-0.1816126874,1.016039763,0.8442819389,0.6224556858,0.351883472,0.8607461452,0.6786818672,0.6232949055,1.141229501,0.8650720312,0.3754423184,0.8168227408,1.210567761,0.4689011199,0.5641671474
0.2856504829,0.02618483727,-0.07497632363,0.1042293588,0.6184852264,-0.08536526955,0.4788160941,0.3768482624,0.2757999197,0.6215295831,0.1581128808,0.8217559379,-0.7147528238,0.4312297355,0.8933252709,-0.0359422448,0.1912581212,0.3905679914,0.5348280204,0.1584864183
1.35048738,0.4889375559,0.5907209184,-0.756245912,0.4615243323,-0.1316665205,0.898386466,0.8517812785,0.6362326984,0.7358826305,1.147030974,0.3534189758,1.047571909,0.7406799308,0.1405769371,0.4616218358,0.8276162006,0.9459646696,0.806310592,0.3721530063
1.063071731,0.2427813594,0.831671846,-0.5612694071,0.3506808416,1.09935839,0.3214490247,0.801560337,-0.01350702959,1.385252543,0.4767491916,0.1052745084,0.6257280387,0.8324790502,0.6898726126,-0.00614422296,0.1238361241,1.150069994,0.468224905,0.1078008727
0.5000807958,0.7044602853,0.9615056554,0.9515593712,0.9199744445,1.122102158,-0.9508319405,0.2728154281,0.5224323107,0.5631215114,0.03377878901,0.392419102,0.003578486659,0.1726790853,0.975888055,1.060992706,0.2003338943,0.8738366117,0.4026528697,0.471284581
-0.02342441931,0.4415984256,0.2077216419,0.6135256311,1.038229108,1.0365505,-0.2288660049,0.3403413827,0.8612546266,0.721208881,0.4586588153,0.7982498726,0.5410361009,0.7680870192,0.8166661439,0.4481725305,1.004593413,0.5374886095,0.2600007941,0.6524739406
1.096673792,0.9070647727,0.548862855,1.034828484,0.9235392337,1.053899315,1.029490711,1.242097465,1.104975179,0.9650578568,0.5602727371,0.9567412134,0.706761971,1.011671298,0.8629349981,0.7160460159,1.031289376,0.9881826084,0.9745279612,0.9008826233
1.955475707,0.7216413061,0.9293744367,1.112001782,1.116453439,1.379366816,1.236100783,-0.06691214839,-0.2258193732,0.2851214237,0.1902364859,0.5400027483,0.3927201435,0.6743754249,-0.007476876341,1.121028681,0.7297309252,0.8383756929,0.1248043837,0.6445898779
0.5815918782,1.151844668,0.6936771414,1.27160875,1.301357225,-0.7679242876,0.1359860851,-0.1396215187,0.3689894297,1.704931269,0.9218190243,-0.6615403162,-0.204160411,0.9230208493,1.018592579,0.9965087522,0.9241503581,-0.7969368166,0.1050407445,0.9718161909
0.8314345769,0.9355765045,0.6944711887,1.015060307,1.060709034,0.8740815991,1.33661868,0.4922706909,-0.5354951008,0.2467046805,0.2921143469,0.6817803866,0.4491670706,0.7646183336,0.1180722846,0.8214613846,0.3999103852,0.7799490023,-0.09657129074,-0.05180333019
-0.5522230712,0.7542329514,-0.1723755179,0.534010331,1.88995196,0.5166083507,-0.9632175297,0.2402795107,0.167065552,1.249886768,1.699410669,0.4997354371,0.137690536,0.9678185815,0.5072130199,0.8934536795,1.309961283,0.4251526498,0.1121006545,0.9316393483
1.870399254,1.261399683,0.424294663,-0.1454248844,-0.3134663197,0.8203787186,1.152554413,0.8397520361,0.5229540748,-0.3518357421,0.7840944455,0.8093143522,0.7729975137,0.6459486144,0.9045191746,1.088427273,-0.3258902115,0.8863688472,0.6747812005,-0.08249695252
1.341699133,0.6727780143,-0.8445444717,0.6880082339,1.487362565,0.3889028198,-0.3672374994,0.03721911333,1.427355053,-0.7708126863,-0.377763857,1.568126426,1.9616116,-1.519275128,0.96541338,0.7768886411,0.6299780188,0.6404655004,1.177029497,0.5579420146
0.6497862919,0.7210500243,-0.4497092467,1.628791404,1.293376436,0.3479691301,0.686483527,1.051636553,0.7126349833,0.6280221122,0.4816030071,0.2734326999,0.6799951333,0.9689941537,-0.1258051341,0.5570409721,0.8189214151,0.8657427268,0.574731508,0.9378135171
-0.07185320929,1.040959817,0.6925767284,1.603297332,0.970806799,1.126644804,-0.1649188857,0.4806048205,1.474013541,-0.8719136036,0.7332382806,1.358626253,0.197948245,0.9329283633,1.173041018,1.245094773,0.5266486294,1.39168032,0.5219431483,-0.1075180182
1.99357908,0.1080887995,0.9643022777,1.752049229,1.35303261,0.4305939549,0.5957392045,0.8624081049,0.06774501025,0.1284485253,0.5538225437,0.482361332,1.324511095,0.9685060876,1.057381196,0.3530882731,1.192327004,1.316112199,0.2585231663,-0.8160212549
1.954597869,1.253436651,-1.398102267,0.609619804,-0.1242905334,0.0003061259703,0.9231689666,0.8356130121,-0.9046436576,1.335941711,1.93682772,-0.8893611259,0.2978324474,0.7193453602,1.326064561,0.5352778166,0.7348546438,0.8744413248,1.43000338,0.8242850889
0.4653154669,0.2252136126,0.3408683879,0.08887766196,0.7143173279,0.589777274,-0.9294368999,0.3696301103,0.604005099,0.5442770084,0.8444306238,1.077659688,0.8318706691,1.235519604,-0.8141351281,-0.002814113374,1.225127304,0.839783413,0.6324318358,1.15677823
0.6872930512,0.7232759338,0.988183157,1.043885596,1.03229617,1.099098666,0.3910684093,0.3234565931,0.3320421001,0.3714681724,0.7879437934,0.1121565783,0.8342661668,0.8431815093,1.005333715,-0.8591001586,0.1597561291,1.038736679,0.785144602,0.07278356982
1.988717532,1.235736128,1.200958637,0.4670000004,-0.2957442681,0.7161244891,1.270889837,1.288339227,1.109033397,1.07732121,0.6033382099,0.4793528424,0.4183612101,1.215742224,0.5479021788,0.966394995,0.7511876955,1.287294753,1.465694331,0.6697580239
1.818506832,1.548075448,-0.8163246812,0.4294888115,1.945953319,0.366093809,0.8139525669,0.7995610775,0.9877190089,1.206951284,1.01295304,0.787760468,1.881311813,0.2552689932,0.116113835,1.491053636,1.350619309,0.8158215843,1.474018501,1.286772204
0.3640161128,-0.02240570348,0.2261118627,0.8977807065,0.4290245732,-0.914669389,0.5945529721,0.7466273767,0.5726812601,0.01452086876,0.6459840298,1.017749574,-0.4791601855,-0.05882681431,0.4277739912,0.5636631273,0.3504579959,-0.002409681178,0.7675539698,1.04964116
0.9872438807,-0.4119343126,0.870500831,0.8175645191,0.1965027614,0.1445622214,0.7043434414,1.027938679,0.7202988561,0.6959290069,1.245275824,-0.4098418555,0.8676050383,1.46489198,0.7561127585,-0.9140262238,1.54560514,0.7133468454,0.227688509,-0.69204027
1.003422119,0.3820526971,0.3088883776,0.7020189769,0.196453962,0.7579095839,0.5722681323,0.7415184208,0.3313828066,0.8947887087,0.3213721423,0.09369991587,0.8442942068,0.453303935,0.589371708,0.9476364506,-0.1828239118,0.9887323204,0.6718780787,-0.7649095695
1.301870503,-0.002283308552,0.6352076452,0.4766897716,0.5679285912,0.486823879,-0.3497853364,0.2521697723,0.6137658079,0.01244573729,0.5052739469,0.198964806,0.2228980995,0.8831355673,0.535244786,0.533609787,1.349253551,-0.577641552,0.2127801828,1.818029692
1.225243788,-0.1777570472,0.8894168535,0.6835779368,0.5782043018,0.3017234981,0.2115656853,0.9341311359,0.2918611401,0.6871510217,0.675657758,0.1170535987,0.5096698569,0.8259910367,0.7360674269,-0.2845804685,0.5667878994,0.4260269231,0.6301518309,0.08324229015
0.2012240855,0.08966048263,0.1201887633,0.3275681557,0.2980500252,0.1447801312,-0.2903869647,0.478475141,-0.5792913169,1.040011505,0.01059511928,0.002352723236,-0.4492538462,0.5807424873,-0.2883823979,0.4994760163,0.4294696616,0.3474312086,-0.3867347325,0.6821551495
0.6520788544,0.2507974231,0.2268215043,0.4950543458,-0.5233823137,0.2722806652,0.3671052977,-0.264417908,0.1038254552,-0.09745425711,0.3227493924,-0.09147774427,0.1046181104,-0.113707515,-0.4059331155,0.6862873239,-0.09620339229,-0.07390206947,-0.02238641524,0.5861087229
0.1559157603,0.3283387562,-0.03877609945,0.4292196972,0.06371477463,-0.3464421021,0.5645346881,-0.08122678468,0.02515539481,0.5310513143,-0.7507436532,-0.09153795509,-0.07243723169,0.701496016,-0.2809984513,0.6336074971,0.6385331537,-0.04489323219,0.5526907933,-1.190362645
0.5930115557,0.2930391929,0.02864282233,0.8856679144,0.2608687729,-0.5849284234,0.4859099273,0.9939842546,0.5894839196,0.932848562,0.8008537172,1.003742269,0.3764104815,0.5595634924,0.9426492322,0.1437145018,0.701060316,1.329345979,0.574787331,0.5767061552
0.8213271139,0.5552865956,-0.4803481778,0.6893005087,-0.08783948126,-0.2632409336,0.7959698061,0.3861015344,0.7483989955,0.5837849004,0.3208356581,0.69993713,0.8254056257,0.6795447126,0.8887325599,0.2544043229,-0.3628899853,1.286546351,0.8022770345,0.9798861989
1.571956308,0.8609727837,0.4907221969,1.080389033,-0.4840762606,1.213412245,1.208148528,0.778007907,-0.3224186575,0.1959152267,0.8395195636,1.029824503,0.5773878815,-0.5712341081,0.4404528665,0.9366855106,0.4028556613,-0.01275157075,-0.3683487766,1.006359448
0.908808441,0.7074155557,0.802837956,0.999663026,0.7736652335,1.332105567,-0.08244717739,0.8066197161,1.556733457,0.8119585455,0.9715922914,0.806379619,0.8231984747,-0.2593914118,0.5078029401,1.250542863,1.037882294,0.794010594,1.460673493,0.6177649112
0.8919649186,1.191475102,0.734746253,0.7108269089,1.323802955,1.348327396,1.325802083,0.807965658,0.963228637,0.5271260938,1.594168636,1.269592789,0.8878923328,1.394077217,1.007382171,0.9944100847,0.3670597811,1.182500818,1.313459181,1.37341241
1.457258905,0.9124510012,0.9593949303,0.9008924861,1.561098945,1.147893046,1.322692584,1.443507611,1.271170958,1.588387532,1.297393142,1.45862571,0.5324103419,0.8617558271,1.495010221,1.474753683,1.449212832,1.220071394,0.3870710114,-0.2575324179
1.062691804,1.237764467,0.5352935366,0.5974289265,0.2400924446,1.702520771,0.08855599447,0.1132849876,0.4031046304,1.092471804,1.14291347,0.9186122264,-0.1588384702,1.440605739,1.288817002,1.126593951,0.8251066054,0.06901882912,1.6545024,1.065874478
1.880423551,1.044429223,0.6567445933,0.785477728,0.9771837502,0.7972745879,0.7821360825,0.5371305608,0.3996562061,1.115406557,1.403056629,0.6299573432,1.052984113,-0.1224437816,0.8306092619,0.999288561,0.6526125578,0.8803640513,1.264458416,1.409750056
1.649082909,0.9157177899,0.9498039593,1.24215358,1.580717377,0.3036066831,0.8225203073,1.375413498,1.547540105,1.003051498,0.6131560925,1.764956075,0.283790211,0.3889074453,1.72236131,1.613547569,1.145652536,1.044301684,1.352053092,0.9791001117
1.917571681,1.380371934,0.8462351056,1.203323014,1.322156747,1.189456136,1.175497691,0.3863209973,1.78348984,1.998392935,1.332826899,0.2505266615,0.7884615517,1.197901638,1.27438191,0.9127408897,1.582805797,1.515369942,1.249270639,0.6635555783
1.951500591,0.9179077742,1.098463943,0.9422577122,1.745427393,1.038460908,0.8514689581,1.336653246,1.710779244,1.329125587,1.591851212,1.122699249,0.7617460588,0.465145038,1.724433386,1.425640369,1.216764656,1.284307292,1.611760675,1.258833777
1.881543768,1.619823043,0.7898414449,1.05751047,1.137671824,1.347399665,0.6615311196,0.3587683806,0.8876863694,1.597271466,1.02331384,0.4850774795,0.07240078632,0.6796240144,1.765963985,0.3932558125,-0.002091939853,1.319006502,0.6949125521,0.7660370937
1.038864657,0.3582014624,0.5041143593,0.594855553,0.8629467364,0.4847064346,1.039617126,0.6746369282,0.9217966311,0.8452057927,0.2088314048,0.602244026,0.6679714823,0.7339040571,0.8364237008,0.9908163367,0.7280318624,0.8028463961,0.9513216608,0.5984553614
1.081780387,0.7293843922,0.8366219939,0.7900853811,1.133856424,0.5698634177,1.080455284,0.7083844163,0.8658565906,0.8496224167,0.4768622232,0.6014396762,0.4001060464,1.021376533,0.6723778444,0.6498609942,0.8721090708,0.6715175228,0.7535069775,0.6206584742
0.6674182362,0.8257789592,0.421151661,1.227957779,0.4028407567,0.7717067413,0.5232548621,0.2529417173,-0.06942392078,0.7651245102,0.5062347146,0.8166313102,0.2592943783,0.8482454413,0.2388597516,0.7823333135,0.4469763182,0.6836693452,0.4414665222,-0.6560424474
-0.572552815,-0.1751644645,0.1267630142,-0.009534279902,0.244965861,0.2256370911,0.8902439116,0.6580879857,0.785271336,0.5912797004,0.835499057,0.7885940338,0.5912952747,0.346801632,0.8578762026,0.63639871,0.4425343219,0.1810234938,0.5549070889,0.661101012
0.4497055857,0.5886205182,0.819887242,0.7101301199,0.9968051181,1.144843033,0.9357315769,0.5996405498,1.188208003,1.335938747,0.5322769432,-0.4932412558,0.04538729789,0.6077268862,0.5486544899,0.5526984458,0.8067189682,0.5309752684,0.7609225507,0.20518821
1.141239626,0.7166954188,0.4513312909,1.212454613,0.7399220241,0.5557456816,1.02955282,0.6971189015,0.705868655,0.8704215252,0.3035718431,0.932250619,0.6418816513,0.7336757663,0.5541152329,0.7166471239,0.6837012084,0.9483449317,0.9813052622,-1.070324785
0.5321779725,0.9061351187,0.6011227297,0.8885909495,1.026057317,0.9220593124,0.9220442941,0.7342448409,0.8696292322,0.779150594,0.5526532043,0.9957866296,1.013026706,-0.4763896113,0.7781123076,0.7605879336,0.5987509674,1.334264876,0.4677150063,0.1821188317
1.07237891,0.6652313692,0.4292764518,0.7126892449,0.8335615212,0.3712953974,0.7512105157,0.6397819492,0.8901918665,0.8764710324,0.8068235593,1.057129476,0.7432889506,-0.2729163218,0.597704937,1.303308702,0.6260421617,0.7330967213,0.9467199952,0.7389178551
1.368424765,0.1303602666,0.9184932005,0.0131830579,1.283158828,0.4190920849,0.6491758819,0.8355819376,0.6362284284,0.7925067736,0.02038970512,0.149375726,0.9789074197,0.666945286,1.272822292,-0.05912922579,0.7204751377,0.7086940182,1.041808973,0.7642565859
0.9654075918,0.5593932456,0.4002240169,0.5561244401,0.4368087431,0.285708659,1.060389447,0.1961762556,0.7329640064,0.694077589,0.5477772338,0.733245325,0.7304392885,0.7480852878,0.8630708314,0.9733381575,-0.4863526119,-0.008793465961,0.3091240211,0.03835618946
0.7164252501,0.7745774247,0.7387392633,0.7369178711,1.148859564,0.7189923445,0.9232201849,0.9945304641,0.504072983,-0.1087015808,0.7939342613,0.9528832626,0.5865286014,0.7927094358,0.6482854228,0.9743882077,0.6388561673,0.4991400193,1.002810814,0.4770126131
0.8501210458,1.278334887,0.276075516,0.8065522426,0.7387962234,0.7571795612,0.6411206669,0.7991632462,0.8771558515,0.5749971478,0.7820328047,1.077980952,0.2448764457,1.227902234,0.6872556441,0.621105112,-0.2550287913,-0.1940960246,0.5492919098,-0.3984170994
-0.09277596542,0.3376344444,0.03701798504,0.4373312308,0.2307222374,0.2876676336,-0.2445007333,0.1142332015,0.1157444027,0.1378158362,0.286549917,0.3238760749,0.1229488764,0.8383920311,0.2890341814,0.2046967975,-0.5809456104,0.4340884284,0.5305555526,-0.1688814913
0.1217044274,-0.2536099323,0.2458379516,0.2602163013,-0.1806307376,0.5345026384,0.6543274767,-0.5102466094,-0.2250175628,0.2501294035,0.2572841158,0.3135519845,-0.3631345895,0.103281317,0.7408531033,-0.2798764205,0.4155163695,-0.5381660341,0.6792870178,-0.937291986
0.8006388398,0.8291837454,0.4174946341,0.9018952434,-0.1916182165,0.6118989705,1.090702869,0.122565852,0.2189577264,0.4959156768,-0.7221416319,0.6426886645,0.2238243022,0.4717890203,0.3210977594,-0.8423416979,0.9750148743,-0.4609014718,0.1080460695,-0.7404189832
1.256788988,0.4059193524,0.5786143651,0.944673985,0.8726718877,0.4199332479,1.187232335,-0.04054267364,1.301971951,0.8587690901,0.01194752472,-0.8293196684,0.8740583576,-0.2852586756,0.05691804258,-0.08724860333,0.8250761172,1.312927273,-0.6758978253,-0.01472336566
0.2805071828,0.1844059933,-0.03714064609,0.106620332,0.01761947919,0.009643412071,0.5510696157,0.4430989736,0.196595823,-0.1317770343,-0.3094562719,0.2745669632,0.07440817174,0.1359642445,0.2442652117,-0.06430125751,0.102814836,-0.3502542245,0.2080661555,0.1945787769
0.7471415923,0.3668330538,0.2507364502,0.1915643642,1.071036381,0.4116849605,0.04121434782,0.6208905627,0.6159878447,0.2475709525,0.5457452203,0.3761926387,0.2640881362,0.468477161,0.9427594846,0.4368262977,0.5936466408,-0.0596984699,-0.02215032895,-0.3387398476
0.4007970018,0.1044539366,-0.623660679,1.128353607,0.5157891879,0.1927402263,0.6409201985,-0.2648112601,-0.1329665245,0.8217952098,0.4027084471,0.1878388357,-0.8456692348,0.283465041,0.6105452407,0.2231510151,0.3489387208,-0.2437417827,0.1629847395,0.08262392984
0.7935450791,-0.3206199019,0.9185091167,0.1819048817,0.345561431,0.9047498552,0.7386961466,0.4370478943,0.2135380082,0.04714134313,0.1124568402,-0.441212324,0.5533279413,-0.5262878717,-0.1802028134,-0.2634272133,0.2529686357,-0.04729651645,0.5158794518,1.019911935
0.5893708431,0.3387525712,0.01699208865,0.4449383235,0.260004915,0.6142649089,0.6392287367,0.3857710077,1.215111072,1.057890666,1.23900517,1.060644192,1.276824246,1.253452226,0.6302009635,1.026897438,1.65086994,0.9410991716,-0.2569528012,1.898636941
1.701615022,0.871195548,0.5925523995,1.078093781,1.066691816,1.278509744,0.765270221,0.8390113831,1.5535654,1.506370101,0.8915817991,1.287711239,1.233348037,0.8636361494,1.139780015,1.445302882,1.112636259,1.339034534,1.332339919,0.6635179038
1.780606541,1.048340828,0.5550003335,1.642708128,0.9152414766,1.228343635,1.565904609,1.278043412,0.8943233523,1.811001413,1.259791892,-0.692354548,0.6758460543,0.7772746751,0.7869998189,0.3599712764,0.5643778312,1.399039151,0.770258705,0.6718136238
1.957243103,1.3234801,1.001218295,1.252951309,0.1622198308,1.606589922,1.520176012,1.405316596,1.144156731,1.455872315,1.170711702,1.035990396,0.699550071,1.270195383,0.4904346273,0.786255715,0.1407599658,0.6045597078,0.03429143554,0.5607286531
1.388751464,1.06498508,0.7183724552,0.6357651613,-0.03457133376,-0.4559860635,1.214848333,0.3713372283,-0.9009746839,0.5376791649,0.9468107542,1.702867492,-1.110204576,-0.2524061611,1.327195144,1.667524575,-0.9527231538,0.09377685288,0.05270907269,1.283792002
1.693212412,0.8060666477,-1.228892219,1.306940845,1.224436322,-0.1804892684,0.623391045,1.59191498,0.6390343175,-0.4629891948,1.294528883,0.8560261168,0.9831253539,0.9925754994,0.5846850908,-0.1699803042,-0.3373737514,0.2999863878,0.03271864278,0.02106512462
1.982776518,0.2413032219,-0.8046429513,1.5737377,0.9679395676,-1.015302209,0.8269559199,1.264770541,0.5696027142,-0.4831856309,1.046040004,-0.2147816427,-0.1810719043,0.1332781135,0.1093056993,-0.0749193041,-0.02264343956,0.06754756966,-0.01181033225,-0.03292503773
0.00399960159,1.513188609,1.121709382,-0.03725419042,1.279092724,0.009485822872,0.536897057,0.04164519797,0.08880933641,1.701783812,0.2069517672,0.4086282248,1.387861851,0.8921461419,-0.02423703306,0.0157990549,0.3336965577,0.3814565989,-0.2620311947,-0.09697386511
1.81159872,-0.4082568805,1.252660835,1.931384385,-0.3575113137,0.4875426057,1.821884281,1.090498378,0.05603286406,1.4950292,0.218078214,-0.8174299443,0.7072853122,0.3730675988,-0.5132305707,0.6624721081,-0.4575678652,0.4259141057,0.9256123292,-0.5734333266
1.623562604,-0.004320296685,-0.5198063495,1.561729921,-0.4048501394,0.8439346146,0.9321372422,-0.4406422992,1.312722365,-0.6434942345,0.4603244555,1.225644171,0.5079721599,0.2871153432,-0.704683503,0.03488728746,0.2102120634,0.006981522896,-0.1496946631,0.005442418452
1.639703701,1.364883133,-1.280857911,0.3283256333,-0.1943619826,0.7423496571,1.837163266,-0.5781063331,0.1132718361,1.152609618,0.5554369698,-1.025886231,1.768771943,-0.10996921,-0.5551148891,1.768445022,0.8846419729,-0.6102340555,-0.1839589443,0.5596021701
0.8673412826,0.4718735941,1.300738011,0.1895873942,-0.6883210817,1.337195762,-0.2606682253,0.765410459,0.6738539474,-0.2458947841,1.114362704,-0.3191060364,0.7691705629,0.06877359618,0.5894482811,0.7040436016,-0.15013656,-0.5889011085,-0.2616454179,0.3957209402
1.160086702,-0.1194644896,0.893982116,0.8659378523,-1.257508043,1.261533174,0.6848202464,-0.4898415747,1.219385536,-0.02359365305,0.9308615892,-1.121321674,1.349825653,0.8817207905,0.634174711,0.3798670003,0.1438835073,0.6827582667,-0.3235532902,-0.7747469689
0.4520909665,-0.6041011759,1.611955189,0.1758593625,0.4173798119,0.7168049514,-0.3776481676,1.761112591,-0.6552545237,1.361925142,0.2029287927,0.2619326429,1.717502773,-0.4793280924,-0.7787889219,1.015088837,-0.4530301596,0.2064501446,-0.09645044378,0.1140302217
1.261448152,1.290812339,0.514842781,1.082005788,-0.02160292602,-0.3398324595,1.834133161,0.7436037328,0.01104027675,0.4671237178,1.516119309,-0.7842919577,0.5246203797,0.7440296367,0.7403983167,0.2674864002,0.2296982882,-0.1599178475,0.09568554441,0.07872379992
0.5643402579,-1.323522517,1.703462026,1.534365034,-0.9678173413,0.1403726103,0.01399105942,0.1773804915,0.173202448,0.7912479178,0.05997331165,-0.4039508718,0.6763708725,0.163334317,0.6138443778,-0.3008146069,0.7544618708,0.3834735207,0.7701742096,-0.2793511537
0.5797810771,0.1735718026,0.8428684659,0.4454107597,0.4785232935,0.559239679,0.8065058234,0.9143843894,0.3776705064,0.6671901467,0.8281554672,0.4015438292,0.6886336897,0.4682606784,0.7265297528,0.3393468595,0.7122568384,0.6839933134,0.550211011,0.4501768747
0.9064145501,0.8804481528,0.1456725323,1.074057745,0.4680351639,0.5673651133,0.608534725,0.824708384,0.246034604,1.064782039,0.4374752653,0.07428017701,0.7007903371,0.4294904897,1.263238009,0.2986567616,0.8202791628,0.2662452505,0.9466865635,0.152185698
0.845878037,0.7445415698,0.9293545872,-0.3645595663,0.9226024204,0.7870338213,0.3230658338,0.3914363082,0.8658393546,0.7225929395,0.7744708965,0.8483219123,0.2846277074,0.7355645477,1.206138375,0.3824850172,1.107889181,0.05038610631,1.147430235,0.2207380616
0.75725702,0.2440052594,0.6826919289,0.6337996215,0.645644013,0.8933679587,0.5330732689,0.4293249091,1.035984414,0.6632866413,0.7274907485,0.7713131372,0.3126786718,0.9796535627,1.091530543,0.7777496971,0.7367786379,0.8706592873,0.3107866523,0.5876773237
0.5869782156,0.3500651764,0.5980464281,0.3242240605,1.020003594,0.1110486794,0.8748769663,0.3497662774,0.6070013221,0.4666402667,0.7708678828,0.3971370832,0.8940665285,0.2518498978,0.7309445977,0.1832688135,0.7052790456,0.4566103267,0.8959870635,0.1369258432
-0.01169987154,0.688506373,0.7232826146,0.4666629412,-0.01735789631,0.8638092544,0.6595656953,0.5220490011,0.6925722105,0.7932119591,0.682191877,0.327642895,0.7728549322,0.8559393313,0.3906611406,0.823043499,0.3544843549,0.9806116299,0.008979962127,0.9269940092
-1.011448581,0.3157623325,0.966662369,0.4750073503,0.4750698957,0.8485438608,0.4946998681,0.7419175834,0.6100142526,0.1900704478,0.6662534125,0.5500411045,0.7587803905,0.07855159808,0.8458004428,1.031691133,0.1352815872,0.8114601127,1.324219914,0.1855153932
0.960373024,0.2187105843,-0.3408534775,0.4368303214,-0.009864915838,0.3397355757,-0.2859284678,0.08191517435,0.09068562958,-0.3847000899,0.7230653328,0.2706497359,0.482849312,0.2416261402,0.5781474587,0.3199999166,0.4995277221,0.190309657,0.04542764847,0.6376511579
0.9895238291,0.6756951253,0.4004588608,0.7717748695,0.7656553588,0.6000336448,0.449444521,0.5658073996,0.3626621731,0.5544918955,0.3532377555,0.569015008,0.9620659751,0.5040424189,0.4423226217,0.8448861824,0.398534505,0.9522638069,0.6384961523,0.5050655559
-0.1132809865,0.4457140432,0.2474862938,-0.2544202794,0.1252525514,-0.05986420858,0.147683383,-0.107786527,-0.0210648889,0.1885859361,-0.4971509667,0.4951716088,-0.1436052014,-0.1357405718,0.001091748396,-0.01686750374,0.2441865468,-0.3215828165,0.2972223167,-0.3005451154
0.5927782561,0.3467320769,0.3958366007,0.4968995519,0.410028902,0.1377894087,0.7116347179,0.8592911779,0.5757348803,0.07610724791,0.4043633829,0.5525952015,0.7657928568,0.2828894316,0.4418127148,0.6975729839,0.1893408486,0.8345474125,0.6771581069,0.546164673
0.01483437036,0.4527659225,0.4552025649,0.525641398,0.5131854836,0.585076427,0.1463799878,0.4150435098,0.8032317448,0.6049996822,0.1241139954,0.3308313061,0.8477555485,0.4514453606,0.5191995905,0.6737459805,0.4951567186,0.4969308529,0.8941672682,0.4647844735
0.274182543,0.6257423839,1.049637551,0.561948547,1.023386365,0.6319191495,0.9570931107,0.8124269345,0.9485384627,0.4664368037,0.6501074748,0.6695998942,0.7965416558,0.568583931,0.9195941445,0.3913479983,0.777817206,0.6662433162,0.4476289095,0.879543192
1.309702427,0.3440788932,0.5294255223,1.036560214,0.6241415455,0.5490160695,0.6088328947,0.7116539739,0.5834513758,0.665007207,0.5264659299,0.7974530325,0.3948457052,0.6192578035,0.8197512734,0.1105149345,1.151880439,-0.07890722966,1.108712048,0.2353295994
0.846223151,0.5718798302,0.7737165222,0.6108488287,0.9936800676,0.4272146091,0.6778631476,0.7573969035,0.5605085784,0.512984303,0.7169958361,0.75179855,0.3607735114,0.8351865113,0.6861520055,0.6723060885,0.6891648022,0.6591633669,0.7488717095,-0.1177255873
1.367636749,0.7940299751,0.2429980982,1.167675076,0.5743671866,1.028910956,0.9645927536,0.7040550469,0.386107933,0.6204983841,1.145841706,0.7921273723,0.8681233138,0.9228932366,0.6360865804,1.226177364,0.7500381273,0.6918278864,1.141005662,0.3613974809
0.5132828567,1.034698079,0.005409036203,0.5493808582,0.6518368324,0.6267488883,0.3043144113,0.9257246407,0.4842926831,0.6333055139,0.8053915087,0.5322684637,0.6050655243,0.8517157497,0.6941922917,0.564286258,0.9207913568,0.2980758491,0.005188780474,0.1729755429
0.9959455185,0.8313662361,0.5762248401,0.7136048447,1.017084304,0.5298584716,1.173744735,0.845921351,0.9102332682,0.8841674395,0.9442227617,0.7653240942,1.074518506,0.8289909353,0.6354661995,0.9386026858,0.6971149598,0.1704284242,-0.4826678189,0.5952686734
0.7643300351,1.253046852,0.2218121828,0.6742271731,0.8216935224,0.4886506099,0.7199059391,0.6413452146,0.6133273483,0.8797537187,0.5394643624,0.8291671773,0.5301129756,0.8576197432,0.3764598452,1.012281968,0.3419243942,0.5952304721,0.5468591238,0.08135628075
0.7317179491,0.5606950529,0.741115148,0.3704865407,1.093718373,0.6423379122,0.6361240775,1.051388812,0.67495138,1.015175548,0.9378085096,0.6235457542,1.141928039,0.8038052702,0.5578490067,1.170824654,0.5397588655,0.743994689,0.7818389186,0.2373064651
0.460716331,0.5467364841,0.6727471129,0.593630054,0.7430470867,0.4031718781,0.8114602392,0.2657861306,0.6394005763,0.5940234697,0.71077721,0.3559233512,0.7707245699,0.4593055019,0.3554691396,0.652377772,0.535559446,0.4550212808,-0.6425467511,0.4519044892
1.11804516,0.7565612897,0.1212128491,1.066467703,0.4524847519,0.774269758,0.7591867298,0.7426356017,0.6930464257,0.7312156006,0.7231742849,0.7687191935,1.179399981,0.1867728576,0.8410716607,0.5871953646,0.7155106509,-0.777417329,0.4387570434,-0.005627186373
0.6729958142,0.7764088505,0.438338505,0.9899223702,0.4788910222,0.6668557426,0.6705692232,0.7472714008,0.7146581734,0.7379058326,0.6678944565,0.7988158857,0.4755585543,0.8516402518,0.4076312209,0.7554812015,-0.2710043167,-0.1343932004,0.3634177679,-0.5740003435
0.5102695399,1.037651099,0.4421771645,0.8686539227,0.793530599,0.5479795105,1.148981956,0.9035767747,0.8212674031,0.8658353167,0.9370168119,0.416923817,1.099965343,0.4611345909,0.6222208927,0.8622827653,0.4988159325,0.5443957457,0.1138744709,-0.5735558088
1.425616274,0.5119228358,1.296605186,1.16290106,1.216143011,0.9851600614,0.8483114714,1.442129644,1.419779542,1.055936954,0.551845723,1.200705533,1.832610936,0.5784224073,0.6000886141,1.235163831,1.378102977,1.12125948,1.288566146,0.09096772274
1.146008635,1.058692661,1.404964448,0.9772129939,1.779229092,1.011506191,1.241620354,1.704826544,1.408210353,1.532155642,1.709719968,1.483462139,1.719532273,0.9313762702,0.9684131366,1.709141471,1.734994068,1.439311507,1.632720349,1.666201178
1.714911199,1.686092161,0.997896199,1.32046127,1.541649097,1.291097083,0.7519390491,1.76593523,1.366713545,1.60178923,1.13608853,1.427753709,1.766212966,1.551069961,1.046985068,-0.03490937861,0.121446785,0.8720334866,-0.471569989,0.2386120484
1.934447302,1.803958904,1.193928962,1.616282294,1.580343948,1.649719015,0.3614546415,1.518969265,1.360551032,0.8965424075,1.790478737,1.649763489,0.8760112867,1.193159726,1.515603516,0.56055157,0.05402683842,0.2687242423,0.8166664033,-0.3878678385
1.358878976,0.7208158033,1.427949575,0.8641430298,1.07101298,1.78481963,1.262522917,1.562104504,1.203510077,0.9138487348,1.137623482,1.559817431,0.8566014131,0.9884074735,1.390222065,1.595496281,1.490862152,1.501740284,1.74219257,1.373097361
0.9234950207,0.9996271744,1.775832541,1.373314562,1.187055833,1.154580732,1.326834709,1.734900199,1.269132366,1.510652746,1.643650041,1.00491821,1.766048131,1.794662149,1.635569582,1.678119786,1.657813567,0.9122177071,-0.07855305613,-0.3473340069
1.954629349,1.81253986,1.430899985,1.429903998,1.605793892,1.722380913,0.8801705571,1.085734311,1.340261634,1.539550641,1.184685618,1.22251933,0.8989030421,1.417937141,1.541597725,1.319672023,1.542061388,1.354754598,1.286046038,0.8955901175
1.716820798,1.311020616,0.353672539,1.514014162,1.414125032,0.962212817,0.8484798096,1.461340218,1.588609487,1.48565641,1.3945722,1.079765343,1.761528911,1.571194172,1.610627255,1.281703719,0.9919392689,-0.5988035791,0.7978306358,0.03921241307
1.713438575,1.443549798,1.326238217,1.3197884,1.717806143,1.647122754,1.774849304,1.437800222,0.5056299928,1.563220993,1.824173935,1.792517977,1.173049186,1.588949277,1.687689604,1.916314084,1.487747783,1.623156468,1.65900434,0.2319100858
1.919046712,1.439073914,1.091695762,1.174142373,1.690186875,0.8820146219,1.572324823,1.75381973,1.766972156,1.005920069,1.06433544,1.751232425,1.252263314,-0.7918713619,0.6669385916,0.4974481699,-0.459794107,0.2375362971,0.05688586224,-0.1769426703
1.968540535,1.827413768,1.412284831,0.3495763271,-0.4105213714,1.325218182,1.971263738,1.265925119,0.4306402603,1.991297322,0.7534649543,1.080579089,1.96387777,1.443247153,1.516820092,-0.1753203892,0.07495528826,0.5358180514,-0.09544424645,-0.6443592214
1.968175934,1.719991646,1.626024101,1.762768778,1.885764514,0.6576555492,0.712506707,1.819894119,1.723067338,0.2509208027,-0.3564826608,0.13554814,0.0991132262,1.016540995,0.6839026959,0.5804760935,1.380192267,-0.7008794147,-0.009252614094,0.5123279747
0.7931044399,0.6765754165,0.8830262418,0.3767222931,1.224059809,0.8087206356,0.6947602502,0.9432300369,0.7099681193,0.6818460788,0.7884782832,0.9309190358,0.740233633,0.967680669,1.05926413,0.6890677485,1.258575792,0.57843293,1.069345072,0.7507892555
0.8765360176,0.3246335879,0.6292281535,0.1277206319,0.9872346324,0.4995879977,0.5660222877,0.9582202179,0.4877432786,0.8283653273,1.10988444,0.4583887771,1.184715897,0.7635705835,0.898378057,1.098975428,0.8536644554,0.9166082754,0.8951881112,0.7622228913
1.073280199,0.7428689693,0.4953210729,0.8752296919,0.9996319774,0.8585054529,0.7223116207,1.216002725,0.7314967916,0.9384644069,1.108867155,0.9153358359,0.9329121639,1.296755092,0.8094424042,1.004948514,1.289671439,0.6810343834,1.524841521,0.7707494555
0.8187573329,0.6940873966,0.5947603831,1.286202787,0.7067114486,1.129778447,0.9863728571,1.189046624,1.04087868,1.179824203,0.77524953,1.414032895,1.155817425,1.118752032,1.096681734,1.114561667,1.131225603,-0.0322112843,-0.1394861443,-0.2242396279
1.288997307,0.5918387864,0.759476309,0.893256609,1.054882207,0.7340375318,1.038877181,0.9871919746,0.9709627854,0.9492146251,1.018774449,0.7958129236,0.841841018,0.9510822922,1.215607558,0.02286934013,-0.3336849069,0.2499733957,0.1633980184,-0.3726847095
1.03930061,0.6316275852,0.6867627723,0.8237263798,1.158675272,0.7233122497,1.065488783,0.7809951911,0.8309337296,1.180123833,0.618122781,0.8788853718,1.127183083,0.8525303715,0.7162067565,1.190526504,0.9191814819,1.271725085,-0.8579012597,-0.1781737562
1.193898714,0.4270127765,0.5273413463,1.064109819,0.786096497,0.9318602197,0.865351447,1.006233552,1.021103236,1.039499098,0.7692682941,1.204657704,0.858886116,0.9342614011,0.2861594006,-0.6034762499,0.4483833245,0.1505325897,-0.1946348742,0.08838059353
1.017134036,1.1045732,0.4690974605,1.116572814,0.8665001223,1.042109169,1.010390832,1.048086695,0.7095194318,0.9559212124,1.107283864,0.8204913866,0.8972932809,0.6563075008,1.102933731,0.5831630995,-0.5532628427,0.2138915925,0.08153062419,0.1699378803
0.7981195789,0.836868093,0.6892017149,0.7668748385,1.214394729,0.9679036513,0.8928061449,1.200214435,1.125110024,0.9345608471,1.14660069,0.991833939,0.6479858669,1.408653838,0.9649401633,1.012461655,1.221229163,0.8617013657,1.415439644,0.4844808584
0.6148222349,0.8736377118,0.3434857276,0.979490553,0.8674177514,0.8037839939,0.7372917019,1.249668864,0.5326995975,0.9632379596,0.9678552093,0.7850514111,0.8575626074,0.6425171757,0.9554903109,0.7076494319,-0.2572631252,0.2073626465,-0.1711623841,0.4047930987
0.9930553901,0.8416702116,0.5095993465,0.9735838026,0.8753556379,0.8827452327,1.18895367,0.905407275,1.277699892,1.143221707,1.069000257,0.986736269,1.338296706,0.17900526,-0.5116190777,0.2827601115,0.2258235495,-0.1202308147,-0.07452748564,0.1911060137
1.119963141,1.018354761,0.4403934209,0.9719565751,1.0549473,0.8642226567,0.6259935079,1.086416793,0.8459820799,0.519451923,1.008497243,0.7369447772,0.6854204527,0.7572028,0.5462424454,1.228118083,0.2559224231,-0.7266773274,0.6685563958,-0.1523425821
0.9433494122,0.2192568359,0.3527755637,0.8985313,0.7258304097,0.2938030824,0.6655554458,0.5813188881,0.5220426727,0.831632505,0.4811859355,0.790043695,0.4469753622,0.9892640335,0.4756285603,0.8170172136,0.6140980902,-0.6134784733,0.307439248,0.03539755537
1.217329009,0.5918517213,0.461993876,0.9485830677,1.048353768,-0.2974076673,1.160715212,0.9422257048,0.9424962189,0.5679630305,0.9870535547,0.5160526883,0.5559925139,1.484518733,0.5965915061,0.7016457781,0.6607078988,1.359340438,0.83804333,1.054321476
-0.1130695585,1.592878181,0.3514946226,1.277065804,0.5217919939,1.268812203,0.5514472459,1.103092653,0.5028939088,0.6693551728,1.169303406,0.4505912405,1.251809347,0.6909039849,0.5996363016,0.9323962226,-0.6334794493,0.1311489998,0.2866050576,-0.1675206386
0.5522935379,1.312957552,0.4739751802,0.8493648504,0.7474561659,1.163223208,1.086476162,0.8630837805,1.014730147,0.7693378847,1.076433843,0.8960439681,1.393793196,0.9161948047,1.209250126,1.111206929,1.085783669,1.242279169,1.434498591,1.151642708
1.233433406,0.4803496723,0.7055461815,0.9220399269,0.4581449575,0.8838600443,1.117041204,0.7146544625,0.8519173114,0.6249434431,0.7017598077,1.387592522,0.3547100958,0.8880632152,0.5846600046,0.8474810988,-0.8322464041,0.3271384677,0.2660681696,-0.5027932878
-0.0008130687569,0.5264264185,1.11000613,0.8594239523,0.6913188235,0.4157556249,1.121502069,1.115559823,0.829522019,1.009158573,1.252618588,0.1199968676,1.178752876,1.418147468,1.017735198,1.233979268,1.21361018,1.57193225,1.651936306,1.696720312
1.286717534,1.045183295,0.9899827984,1.154106532,0.9831429733,0.8363960325,0.9580762105,1.511870827,0.6790591777,1.308452641,0.5430071187,1.205584151,1.176155013,0.9380343437,0.8883601287,0.5324634429,-0.579394136,0.3480761121,0.1021389412,-0.0306654264
1.311930344,1.024891456,0.4659802419,1.14435477,0.6567747414,1.098970986,1.296273603,0.9687341212,0.7205326872,0.9172196442,1.38834608,1.169082681,0.6604730951,1.172708358,1.366641129,0.9641820394,1.690178713,1.630664268,0.135170001,-1.631125773
1.334165091,0.5214087336,1.036370672,0.5157374258,0.6271967543,0.8917685639,0.9393131084,0.7890445384,0.8781497806,0.6244948537,0.7528424803,0.9198881055,0.8410849804,0.9172215078,0.6542837929,0.7363912023,0.7649423265,0.7912320958,0.7498386382,0.5565915685
0.8574155356,1.126383259,0.007386559311,0.7041457557,0.9508249917,0.662645544,0.9901758056,0.5154814681,0.5936157009,1.445990982,0.8491832336,1.192743225,1.353597525,1.477383772,1.392860434,1.403159479,1.860175087,0.662078639,-0.8795648031,0.2222656608
0.5585785755,0.8025759661,0.5477351037,0.7601803193,0.8136481352,0.08861116862,1.247814495,0.812307738,0.5123681489,0.8863792681,0.6986503286,1.142357974,0.6948193997,-0.4144736622,-0.01938626735,0.1081470321,0.315575677,-0.4276642631,0.363798165,-0.264752579
0.7998033924,0.8613005345,0.4873701952,0.1430173982,0.763407036,1.037043521,0.5849065078,0.5709441427,0.7697546816,0.7745185587,0.7610604061,0.1217054698,1.506923358,0.6675378949,1.06277715,0.8298354171,1.173522907,0.4413636304,-0.8005150192,0.6253379535